User_ID,Hearing_Issue,Vision_Issue,Focus_Issue,Language_Proficiency,Preferred_Learning_Strategy
1,0,0,0,0.82,Video
2,0,1,0,0.70,Text
3,1,0,0,0.55,Audio
4,0,0,1,0.90,Video
5,0,0,0,0.73,Text
6,1,1,1,0.45,Audio
7,0,1,1,0.65,Text
8,1,0,0,0.58,Audio
9,1,1,0,0.50,Audio
10,0,0,1,0.80,Video
11,0,1,0,0.69,Text
12,1,0,1,0.62,Audio
13,1,1,1,0.49,Audio
14,0,0,1,0.92,Video
15,0,1,1,0.67,Text
16,0,0,0,0.85,Video
17,1,1,0,0.52,Audio
18,1,0,1,0.60,Audio
19,0,1,1,0.66,Text
20,0,0,1,0.89,Video
21,0,0,0,0.78,Video
22,1,1,1,0.47,Audio
23,1,0,0,0.57,Audio
24,0,1,0,0.68,Text
25,0,0,1,0.88,Video
26,1,1,1,0.43,Audio
27,1,0,0,0.54,Audio
28,0,1,1,0.63,Text
29,0,0,0,0.76,Video
30,0,0,1,0.91,Video
31,0,1,0,0.75,Text
32,1,0,1,0.64,Audio
33,0,1,1,0.62,Text
34,0,0,1,0.87,Video
35,1,0,0,0.56,Audio
36,1,1,1,0.48,Audio
37,0,0,0,0.79,Video
38,0,1,1,0.61,Text
39,1,1,0,0.51,Audio
40,1,0,1,0.59,Audio
41,0,1,1,0.64,Text
42,0,0,0,0.84,Video
43,1,1,1,0.44,Audio
44,1,0,0,0.53,Audio
45,0,1,0,0.67,Text
46,0,0,1,0.86,Video
47,1,1,1,0.46,Audio
48,1,0,0,0.58,Audio
50,0,1,0,0.72,Text
51,0,0,0,0.83,Video
52,1,1,0,0.51,Audio
53,1,0,1,0.61,Audio
54,0,1,1,0.66,Text
55,0,0,1,0.95,Video
56,1,0,0,0.57,Audio
57,1,1,1,0.49,Audio
58,0,0,1,0.88,Video
59,0,1,0,0.74,Text
60,1,0,1,0.63,Audio
61,1,1,0,0.55,Audio
62,0,1,1,0.62,Text
63,0,0,1,0.90,Video
64,1,1,1,0.48,Audio
65,1,0,0,0.52,Audio
66,0,1,0,0.71,Text
67,0,0,1,0.92,Video
68,1,1,1,0.45,Audio
69,1,0,0,0.56,Audio
70,0,1,1,0.65,Text
71,0,0,0,0.81,Video
72,1,1,0,0.53,Audio
73,1,0,1,0.62,Audio
74,0,1,1,0.64,Text
75,0,0,1,0.89,Video
76,1,0,0,0.54,Audio
77,1,1,1,0.47,Audio
78,0,0,0,0.80,Video
79,0,1,1,0.61,Text
80,1,1,0,0.50,Audio
81,1,0,1,0.60,Audio
82,0,1,1,0.63,Text
83,0,0,0,0.85,Video
84,1,1,1,0.44,Audio
85,1,0,0,0.55,Audio
86,0,1,0,0.70,Text
87,0,0,1,0.87,Video
88,1,1,1,0.43,Audio
89,1,0,0,0.58,Audio
90,0,1,1,0.62,Text
91,0,0,0,0.82,Video
92,1,1,0,0.54,Audio
93,1,0,1,0.59,Audio
94,0,1,1,0.67,Text
95,0,0,1,0.91,Video
96,1,0,0,0.57,Audio
97,1,1,1,0.49,Audio
98,0,0,0,0.78,Video
99,0,1,1,0.68,Text
100,1,1,0,0.52,Audio
101,0,0,1,0.86,Video
102,1,1,1,0.46,Audio
103,1,0,0,0.53,Audio
104,0,1,0,0.69,Text
105,0,0,1,0.88,Video
106,1,1,1,0.48,Audio
107,1,0,0,0.56,Audio
108,0,1,1,0.63,Text
109,0,0,0,0.77,Video
110,1,1,0,0.55,Audio
111,1,0,1,0.62,Audio
112,0,1,1,0.64,Text
113,0,0,1,0.90,Video
114,1,1,1,0.45,Audio
115,1,0,0,0.52,Audio
116,0,1,0,0.70,Text
117,0,0,1,0.92,Video
118,1,1,1,0.47,Audio
119,1,0,0,0.54,Audio
120,0,1,1,0.65,Text
121,0,0,0,0.81,Video
122,1,1,0,0.51,Audio
123,1,0,1,0.61,Audio
124,0,1,1,0.66,Text
125,0,0,1,0.87,Video
126,1,0,0,0.58,Audio
127,1,1,1,0.49,Audio
128,0,0,0,0.79,Video
129,0,1,1,0.67,Text
130,1,1,0,0.53,Audio
131,1,0,1,0.60,Audio
132,0,1,1,0.62,Text
133,0,0,0,0.83,Video
134,1,1,1,0.44,Audio
135,1,0,0,0.55,Audio
136,0,1,0,0.68,Text
137,0,0,1,0.89,Video
138,1,1,1,0.43,Audio
139,1,0,0,0.57,Audio
140,0,1,1,0.64,Text
141,0,0,0,0.82,Video
142,1,1,0,0.54,Audio
143,1,0,1,0.59,Audio
144,0,1,1,0.67,Text
145,0,0,1,0.91,Video
146,1,0,0,0.57,Audio
147,1,1,1,0.49,Audio
148,0,0,0,0.78,Video
149,0,1,1,0.68,Text
150,1,1,0,0.52,Audio
151,1,0,1,0.60,Audio
152,0,1,1,0.63,Text
153,0,0,0,0.85,Video
154,1,1,1,0.44,Audio
155,1,0,0,0.55,Audio
156,0,1,0,0.71,Text
157,0,0,1,0.87,Video
158,1,1,1,0.43,Audio
159,1,0,0,0.58,Audio
160,0,1,1,0.62,Text
161,0,0,0,0.84,Video
162,1,1,0,0.51,Audio
163,1,0,1,0.61,Audio
164,0,1,1,0.66,Text
165,0,0,1,0.95,Video
166,1,0,0,0.57,Audio
167,1,1,1,0.48,Audio
168,0,0,1,0.88,Video
169,0,1,0,0.74,Text
170,1,0,1,0.63,Audio
171,1,1,0,0.55,Audio
172,0,1,1,0.62,Text
173,0,0,1,0.90,Video
174,1,1,1,0.45,Audio
175,1,0,0,0.52,Audio
176,0,1,0,0.69,Text
177,0,0,1,0.92,Video
178,1,1,1,0.47,Audio
179,1,0,0,0.54,Audio
180,0,1,1,0.65,Text
181,0,0,0,0.81,Video
182,1,1,0,0.53,Audio
183,1,0,1,0.62,Audio
184,0,1,1,0.64,Text
185,0,0,1,0.87,Video
186,1,0,0,0.58,Audio
187,1,1,1,0.49,Audio
188,0,0,0,0.79,Video
189,0,1,1,0.67,Text
190,1,1,0,0.53,Audio
191,1,0,1,0.60,Audio
192,0,1,1,0.62,Text
193,0,0,0,0.83,Video
194,1,1,1,0.44,Audio
195,1,0,0,0.55,Audio
196,0,1,0,0.68,Text
197,0,0,1,0.89,Video
198,1,1,1,0.43,Audio
199,1,0,0,0.57,Audio
200,0,1,1,0.64,Text
201,0,0,0,0.82,Video
202,1,1,0,0.54,Audio
203,1,0,1,0.59,Audio
204,0,1,1,0.67,Text
205,0,0,1,0.91,Video
206,1,0,0,0.57,Audio
207,1,1,1,0.49,Audio
208,0,0,0,0.78,Video
209,0,1,1,0.68,Text
210,1,1,0,0.52,Audio
211,1,0,1,0.60,Audio
212,0,1,1,0.63,Text
213,0,0,0,0.85,Video
214,1,1,1,0.44,Audio
215,1,0,0,0.55,Audio
216,0,1,0,0.71,Text
217,0,0,1,0.87,Video
218,1,1,1,0.43,Audio
219,1,0,0,0.58,Audio
220,0,1,1,0.62,Text
221,0,0,0,0.84,Video
222,1,1,0,0.51,Audio
223,1,0,1,0.61,Audio
224,0,1,1,0.66,Text
225,0,0,1,0.95,Video
226,1,0,0,0.57,Audio
227,1,1,1,0.48,Audio
228,0,0,1,0.88,Video
229,0,1,0,0.74,Text
230,1,0,1,0.63,Audio
231,1,1,0,0.55,Audio
232,0,1,1,0.62,Text
233,0,0,1,0.90,Video
235,1,0,0,0.52,Audio
236,0,1,0,0.69,Text
237,0,0,1,0.92,Video
238,1,1,1,0.47,Audio
239,1,0,0,0.54,Audio
240,0,1,1,0.65,Text
241,0,0,0,0.81,Video
242,1,1,0,0.53,Audio
243,1,0,1,0.62,Audio
244,0,1,1,0.64,Text
245,0,0,1,0.87,Video
246,1,0,0,0.58,Audio
247,1,1,1,0.49,Audio
248,0,0,0,0.79,Video
249,0,1,1,0.67,Text
250,1,1,0,0.53,Audio
251,1,0,1,0.60,Audio
252,0,1,1,0.62,Text
253,0,0,0,0.83,Video
254,1,1,1,0.44,Audio
255,1,0,0,0.55,Audio
256,0,1,0,0.68,Text
257,0,0,1,0.89,Video
258,1,1,1,0.43,Audio
259,1,0,0,0.57,Audio
260,0,1,1,0.64,Text
261,0,0,0,0.82,Video
262,1,1,0,0.54,Audio
263,1,0,1,0.59,Audio
264,0,1,1,0.67,Text
265,0,0,1,0.91,Video
266,1,0,0,0.57,Audio
267,1,1,1,0.49,Audio
268,0,0,0,0.78,Video
269,0,1,1,0.68,Text
270,1,1,0,0.52,Audio
271,1,0,1,0.60,Audio
272,0,1,1,0.63,Text
273,0,0,0,0.85,Video
274,1,1,1,0.44,Audio
275,1,0,0,0.55,Audio
276,0,1,0,0.71,Text
277,0,0,1,0.87,Video
278,1,1,1,0.43,Audio
279,1,0,0,0.58,Audio
280,0,1,1,0.62,Text
300,0,1,1,0.67,Text
301,0,0,0,0.83,Video
302,1,1,1,0.44,Audio
303,1,0,0,0.55,Audio
304,0,1,0,0.68,Text
305,0,0,1,0.89,Video
306,1,1,1,0.43,Audio
307,1,0,0,0.57,Audio
308,0,1,1,0.64,Text
309,0,0,0,0.82,Video
310,1,1,0,0.54,Audio
311,1,0,1,0.59,Audio
312,0,1,1,0.67,Text
313,0,0,1,0.91,Video
314,1,0,0,0.57,Audio
315,1,1,1,0.49,Audio
316,0,0,0,0.78,Video
317,0,1,1,0.68,Text
318,1,1,0,0.52,Audio
319,1,0,1,0.60,Audio
320,0,1,1,0.63,Text
321,0,0,0,0.85,Video
322,1,1,1,0.44,Audio
323,1,0,0,0.55,Audio
324,0,1,0,0.71,Text
325,0,0,1,0.87,Video
326,1,1,1,0.43,Audio
327,1,0,0,0.58,Audio
328,0,1,1,0.62,Text
329,0,0,0,0.84,Video
330,1,1,0,0.51,Audio
331,1,0,1,0.61,Audio
332,0,1,1,0.66,Text
333,0,0,1,0.95,Video
334,1,0,0,0.57,Audio
335,1,1,1,0.48,Audio
336,0,0,1,0.88,Video
337,0,1,0,0.74,Text
338,1,0,1,0.63,Audio
339,1,1,0,0.55,Audio
340,0,1,1,0.62,Text
341,0,0,1,0.90,Video
342,1,1,1,0.45,Audio
343,1,0,0,0.52,Audio
344,0,1,0,0.69,Text
345,0,0,1,0.92,Video
346,1,1,1,0.47,Audio
347,1,0,0,0.54,Audio
348,0,1,1,0.65,Text
349,0,0,0,0.81,Video
350,1,1,0,0.53,Audio
351,1,0,1,0.62,Audio
352,0,1,1,0.64,Text
353,0,0,1,0.87,Video
354,1,0,0,0.58,Audio
355,1,1,1,0.49,Audio
356,0,0,0,0.79,Video
357,0,1,1,0.67,Text
358,1,1,0,0.53,Audio
359,1,0,1,0.60,Audio
360,0,1,1,0.63,Text
361,0,0,0,0.83,Video
362,1,1,1,0.44,Audio
363,1,0,0,0.55,Audio
364,0,1,0,0.68,Text
365,0,0,1,0.89,Video
366,1,1,1,0.43,Audio
367,1,0,0,0.57,Audio
368,0,1,1,0.64,Text
369,0,0,0,0.82,Video
370,1,1,0,0.54,Audio
371,1,0,1,0.59,Audio
372,0,1,1,0.67,Text
373,0,0,1,0.91,Video
374,1,0,0,0.57,Audio
375,1,1,1,0.49,Audio
376,0,0,0,0.78,Video
377,0,1,1,0.68,Text
378,1,1,0,0.52,Audio
379,1,0,1,0.60,Audio
380,0,1,1,0.63,Text
381,0,0,0,0.85,Video
382,1,1,1,0.44,Audio
383,1,0,0,0.55,Audio
384,0,1,0,0.71,Text
385,0,0,1,0.87,Video
386,1,1,1,0.43,Audio
387,1,0,0,0.58,Audio
388,0,1,1,0.62,Text
389,0,0,0,0.84,Video
390,1,1,0,0.51,Audio
391,1,0,1,0.61,Audio
392,0,1,1,0.66,Text
393,0,0,1,0.95,Video
394,1,0,0,0.57,Audio
395,1,1,1,0.48,Audio
396,0,0,1,0.88,Video
397,0,1,0,0.74,Text
398,1,0,1,0.63,Audio
399,1,1,0,0.55,Audio
400,0,1,1,0.62,Text
401,0,0,1,0.90,Video
402,1,1,1,0.45,Audio
403,1,0,0,0.52,Audio
404,0,1,0,0.69,Text
405,0,0,1,0.92,Video
406,1,1,1,0.47,Audio
407,1,0,0,0.54,Audio
408,0,1,1,0.65,Text
409,0,0,0,0.81,Video
410,1,1,0,0.53,Audio
411,1,0,1,0.62,Audio
412,0,1,1,0.64,Text
413,0,0,1,0.87,Video
414,1,0,0,0.58,Audio
415,1,1,1,0.49,Audio
416,0,0,0,0.79,Video
417,0,1,1,0.67,Text
418,1,1,0,0.53,Audio
419,1,0,1,0.60,Audio
420,0,1,1,0.63,Text
421,0,0,0,0.83,Video
422,1,1,1,0.44,Audio
423,1,0,0,0.55,Audio
424,0,1,0,0.68,Text
425,0,0,1,0.89,Video
426,1,1,1,0.43,Audio
427,1,0,0,0.57,Audio
428,0,1,1,0.64,Text
429,0,0,0,0.82,Video
430,1,1,0,0.54,Audio
431,1,0,1,0.59,Audio
432,0,1,1,0.67,Text
433,0,0,1,0.91,Video
434,1,0,0,0.57,Audio
435,1,1,1,0.49,Audio
436,0,0,0,0.78,Video
437,0,1,1,0.68,Text
438,1,1,0,0.52,Audio
439,1,0,1,0.60,Audio
440,0,1,1,0.63,Text
441,0,0,0,0.85,Video
442,1,1,1,0.44,Audio
443,1,0,0,0.55,Audio
444,0,1,0,0.71,Text
445,0,0,1,0.87,Video
446,1,1,1,0.43,Audio
447,1,0,0,0.58,Audio
448,0,1,1,0.62,Text
449,0,0,0,0.84,Video
450,1,1,0,0.51,Audio
451,1,0,1,0.61,Audio
452,0,1,1,0.66,Text
453,0,0,1,0.95,Video
501,0,0,0,0.79,Video
502,1,1,0,0.52,Audio
503,1,0,1,0.61,Audio
504,0,1,1,0.63,Text
505,0,0,0,0.84,Video
506,1,1,1,0.45,Audio
507,1,0,0,0.57,Audio
508,0,1,1,0.64,Text
509,0,0,0,0.82,Video
510,1,1,0,0.54,Audio
511,1,0,1,0.59,Audio
512,0,1,1,0.67,Text
513,0,0,1,0.91,Video
514,1,0,0,0.57,Audio
515,1,1,1,0.49,Audio
516,0,0,0,0.78,Video
517,0,1,1,0.68,Text
518,1,1,0,0.52,Audio
519,1,0,1,0.60,Audio
520,0,1,1,0.63,Text
521,0,0,0,0.85,Video
522,1,1,1,0.44,Audio
523,1,0,0,0.55,Audio
524,0,1,0,0.68,Text
525,0,0,1,0.89,Video
526,1,1,1,0.43,Audio
527,1,0,0,0.58,Audio
528,0,1,1,0.62,Text
529,0,0,0,0.82,Video
530,1,1,0,0.54,Audio
531,1,0,1,0.59,Audio
532,0,1,1,0.67,Text
533,0,0,1,0.91,Video
534,1,0,0,0.57,Audio
535,1,1,1,0.49,Audio
536,0,0,0,0.78,Video
537,0,1,1,0.68,Text
538,1,1,0,0.52,Audio
539,1,0,1,0.60,Audio
540,0,1,1,0.63,Text
541,0,0,0,0.85,Video
542,1,1,1,0.44,Audio
543,1,0,0,0.55,Audio
544,0,1,0,0.68,Text
545,0,0,1,0.89,Video
546,1,1,1,0.43,Audio
547,1,0,0,0.58,Audio
548,0,1,1,0.62,Text
549,0,0,0,0.82,Video
550,1,1,0,0.54,Audio
551,1,0,1,0.59,Audio
552,0,1,1,0.67,Text
553,0,0,1,0.91,Video
554,1,0,0,0.57,Audio
555,1,1,1,0.49,Audio
556,0,0,0,0.78,Video
557,0,1,1,0.68,Text
558,1,1,0,0.52,Audio
559,1,0,1,0.60,Audio
560,0,1,1,0.63,Text
561,0,0,0,0.85,Video
562,1,1,1,0.44,Audio
563,1,0,0,0.55,Audio
564,0,1,0,0.68,Text
565,0,0,1,0.89,Video
566,1,1,1,0.43,Audio
567,1,0,0,0.58,Audio
568,0,1,1,0.62,Text
569,0,0,0,0.82,Video
570,1,1,0,0.54,Audio
571,1,0,1,0.59,Audio
572,0,1,1,0.67,Text
573,0,0,1,0.91,Video
574,1,0,0,0.57,Audio
575,1,1,1,0.49,Audio
576,0,0,0,0.78,Video
577,0,1,1,0.68,Text
578,1,1,0,0.52,Audio
579,1,0,1,0.60,Audio
580,0,1,1,0.63,Text
581,0,0,0,0.85,Video
582,1,1,1,0.44,Audio
583,1,0,0,0.55,Audio
584,0,1,0,0.68,Text
585,0,0,1,0.89,Video
586,1,1,1,0.43,Audio
587,1,0,0,0.58,Audio
588,0,1,1,0.62,Text
589,0,0,0,0.82,Video
590,1,1,0,0.54,Audio
591,1,0,1,0.59,Audio
592,0,1,1,0.67,Text
593,0,0,1,0.91,Video
594,1,0,0,0.57,Audio
595,1,1,1,0.49,Audio
596,0,0,0,0.78,Video
597,0,1,1,0.68,Text
598,1,1,0,0.52,Audio
599,1,0,1,0.60,Audio
600,0,1,1,0.63,Text
601,0,0,0,0.85,Video
602,1,1,1,0.44,Audio
603,1,0,0,0.55,Audio
604,0,1,0,0.68,Text
605,0,0,1,0.89,Video
606,1,1,1,0.43,Audio
607,1,0,0,0.58,Audio
608,0,1,1,0.62,Text
609,0,0,0,0.82,Video
610,1,1,0,0.54,Audio
611,1,0,1,0.59,Audio
612,0,1,1,0.67,Text
613,0,0,1,0.91,Video
614,1,0,0,0.57,Audio
615,1,1,1,0.49,Audio
616,0,0,0,0.78,Video
617,0,1,1,0.68,Text
618,1,1,0,0.52,Audio
619,1,0,1,0.60,Audio
620,0,1,1,0.63,Text
621,0,0,0,0.85,Video
622,1,1,1,0.44,Audio
623,1,0,0,0.55,Audio
624,0,1,0,0.68,Text
625,0,0,1,0.89,Video
626,1,1,1,0.43,Audio
627,1,0,0,0.58,Audio
628,0,1,1,0.62,Text
629,0,0,0,0.82,Video
630,1,1,0,0.54,Audio
631,1,0,1,0.59,Audio
632,0,1,1,0.67,Text
633,0,0,1,0.91,Video
634,1,0,0,0.57,Audio
635,1,1,1,0.49,Audio
636,0,0,0,0.78,Video
637,0,1,1,0.68,Text
638,1,1,0,0.52,Audio
639,1,0,1,0.60,Audio
640,0,1,1,0.63,Text
641,0,0,0,0.85,Video
642,1,1,1,0.44,Audio
643,1,0,0,0.55,Audio
644,0,1,0,0.68,Text
645,0,0,1,0.89,Video
646,1,1,1,0.43,Audio
647,1,0,0,0.58,Audio
648,0,1,1,0.62,Text
649,0,0,0,0.82,Video
650,1,1,0,0.54,Audio
651,1,0,1,0.59,Audio
652,0,1,1,0.67,Text
653,0,0,1,0.91,Video
654,1,0,0,0.57,Audio
655,1,1,1,0.49,Audio
656,0,0,0,0.78,Video
657,0,1,1,0.68,Text
658,1,1,0,0.52,Audio
659,1,0,1,0.60,Audio
660,0,1,1,0.63,Text
661,0,0,0,0.85,Video
662,1,1,1,0.44,Audio
663,1,0,0,0.55,Audio
664,0,1,0,0.68,Text
665,0,0,1,0.89,Video
666,1,1,1,0.43,Audio
667,1,0,0,0.58,Audio
668,0,1,1,0.62,Text
669,0,0,0,0.82,Video
670,1,1,0,0.54,Audio
671,1,0,1,0.59,Audio
672,0,1,1,0.67,Text
673,0,0,1,0.91,Video
674,1,0,0,0.57,Audio
675,1,1,1,0.49,Audio
676,0,0,0,0.78,Video
677,0,1,1,0.68,Text
678,1,1,0,0.52,Audio
679,1,0,1,0.60,Audio
680,0,1,1,0.63,Text
681,0,0,0,0.85,Video
682,1,1,1,0.44,Audio
683,1,0,0,0.55,Audio
684,0,1,0,0.68,Text
685,0,0,1,0.89,Video
686,1,1,1,0.43,Audio
687,1,0,0,0.58,Audio
688,0,1,1,0.62,Text
689,0,0,0,0.82,Video
690,1,1,0,0.54,Audio
691,1,0,1,0.59,Audio
692,0,1,1,0.67,Text
693,0,0,1,0.91,Video
694,1,0,0,0.57,Audio
695,1,1,1,0.49,Audio
696,0,0,0,0.78,Video
697,0,1,1,0.68,Text
698,1,1,0,0.52,Audio
699,1,0,1,0.60,Audio
700,0,1,1,0.63,Text
701,1,0,1,0.56,Audio
702,0,1,0,0.78,Text
703,1,1,1,0.41,Video
704,0,0,0,0.92,Audio
705,1,0,1,0.63,Text
706,0,1,0,0.85,Video
707,1,1,1,0.47,Audio
708,0,0,0,0.89,Text
709,1,0,1,0.60,Video
710,0,1,0,0.73,Audio
711,1,1,1,0.39,Text
712,0,0,0,0.95,Video
713,1,0,1,0.55,Audio
714,0,1,0,0.80,Text
715,1,1,1,0.43,Video
716,0,0,0,0.88,Audio
717,1,0,1,0.58,Text
718,0,1,0,0.77,Video
719,1,1,1,0.44,Audio
720,0,0,0,0.91,Text
721,1,0,1,0.59,Video
722,0,1,0,0.82,Audio
723,1,1,1,0.42,Text
724,0,0,0,0.90,Video
725,1,0,1,0.57,Audio
726,0,1,0,0.79,Text
727,1,1,1,0.45,Video
728,0,0,0,0.87,Audio
729,1,0,1,0.62,Text
730,0,1,0,0.81,Video
731,1,1,1,0.40,Audio
732,0,0,0,0.94,Text
733,1,0,1,0.54,Video
734,0,1,0,0.83,Audio
735,1,1,1,0.46,Text
736,0,0,0,0.86,Video
737,1,0,1,0.61,Audio
738,0,1,0,0.76,Text
739,1,1,1,0.38,Video
740,0,0,0,0.93,Audio
741,1,0,1,0.52,Text
742,0,1,0,0.70,Video
743,1,1,1,0.48,Audio
744,0,0,0,0.84,Text
745,1,0,1,0.65,Video
746,0,1,0,0.68,Audio
747,1,1,1,0.51,Text
748,0,0,0,0.82,Video
749,1,0,1,0.60,Audio
750,0,1,0,0.73,Text
751,1,1,1,0.39,Video
752,0,0,0,0.92,Audio
753,1,0,1,0.55,Text
754,0,1,0,0.80,Video
755,1,1,1,0.43,Audio
756,0,0,0,0.88,Text
757,1,0,1,0.58,Video
758,0,1,0,0.77,Audio
759,1,1,1,0.44,Text
760,0,0,0,0.91,Video
761,1,0,1,0.59,Audio
762,0,1,0,0.82,Text
763,1,1,1,0.42,Video
764,0,0,0,0.90,Audio
765,1,0,1,0.57,Text
766,0,1,0,0.79,Video
767,1,1,1,0.45,Audio
768,0,0,0,0.87,Text
769,1,0,1,0.62,Video
770,0,1,0,0.81,Audio
771,1,1,1,0.40,Text
772,0,0,0,0.94,Video
773,1,0,1,0.54,Audio
774,0,1,0,0.83,Text
775,1,1,1,0.46,Video
776,0,0,0,0.86,Audio
777,1,0,1,0.61,Text
778,0,1,0,0.76,Video
779,1,1,1,0.38,Audio
780,0,0,0,0.93,Text
781,1,0,1,0.52,Video
782,0,1,0,0.70,Audio
783,1,1,1,0.48,Text
784,0,0,0,0.84,Video
785,1,0,1,0.65,Audio
786,0,1,0,0.68,Text
787,1,1,1,0.51,Video
788,0,0,0,0.82,Audio
789,1,0,1,0.60,Text
790,0,1,0,0.73,Video
791,1,1,1,0.39,Audio
792,0,0,0,0.92,Text
793,1,0,1,0.55,Video
794,0,1,0,0.80,Audio
795,1,1,1,0.43,Text
796,0,0,0,0.88,Video
797,1,0,1,0.58,Audio
798,0,1,0,0.77,Text
799,1,1,1,0.44,Video
800,0,0,0,0.91,Audio
801,1,0,0,0.59,Audio
802,0,1,1,0.64,Text
803,0,0,1,0.88,Video
804,1,0,0,0.56,Audio
805,1,1,1,0.48,Audio
806,0,0,0,0.79,Video
807,0,1,1,0.61,Text
808,1,1,0,0.50,Audio
809,1,0,1,0.60,Audio
810,0,1,1,0.63,Text
811,0,0,0,0.85,Video
812,1,1,1,0.44,Audio
813,1,0,0,0.55,Audio
814,0,1,0,0.70,Text
815,0,0,1,0.87,Video
816,1,1,1,0.43,Audio
817,1,0,0,0.58,Audio
818,0,1,1,0.62,Text
819,0,0,0,0.82,Video
820,1,1,0,0.54,Audio
821,1,0,1,0.59,Audio
822,0,1,1,0.67,Text
823,0,0,1,0.91,Video
824,1,0,0,0.57,Audio
825,1,1,1,0.49,Audio
826,0,0,0,0.78,Video
827,0,1,1,0.68,Text
828,1,1,0,0.52,Audio
829,1,0,1,0.60,Audio
830,0,1,1,0.63,Text
831,0,0,0,0.83,Video
832,1,1,1,0.44,Audio
833,1,0,0,0.55,Audio
834,0,1,0,0.68,Text
835,0,0,1,0.89,Video
836,1,1,1,0.43,Audio
837,1,0,0,0.57,Audio
838,0,1,1,0.64,Text
839,0,0,0,0.82,Video
840,1,1,0,0.54,Audio
841,1,0,1,0.59,Audio
842,0,1,1,0.67,Text
843,0,0,1,0.91,Video
844,1,0,0,0.57,Audio
845,1,1,1,0.49,Audio
846,0,0,0,0.78,Video
847,0,1,1,0.68,Text
848,1,1,0,0.52,Audio
849,1,0,1,0.60,Audio
850,0,1,1,0.63,Text
851,0,0,0,0.83,Video
852,1,1,1,0.44,Audio
853,1,0,0,0.55,Audio
854,0,1,0,0.68,Text
855,0,0,1,0.89,Video
856,1,1,1,0.43,Audio
857,1,0,0,0.57,Audio
858,0,1,1,0.64,Text
859,0,0,0,0.82,Video
860,1,1,0,0.54,Audio
861,1,0,1,0.59,Audio
862,0,1,1,0.67,Text
863,0,0,1,0.91,Video
864,1,0,0,0.57,Audio
865,1,1,1,0.49,Audio
866,0,0,0,0.78,Video
867,0,1,1,0.68,Text
868,1,1,0,0.52,Audio
869,1,0,1,0.60,Audio
870,0,1,1,0.63,Text
871,0,0,0,0.83,Video
872,1,1,1,0.44,Audio
873,1,0,0,0.55,Audio
874,0,1,0,0.68,Text
875,0,0,1,0.89,Video
876,1,1,1,0.43,Audio
877,1,0,0,0.57,Audio
878,0,1,1,0.64,Text
879,0,0,0,0.82,Video
880,1,1,0,0.54,Audio
881,1,0,1,0.59,Audio
882,0,1,1,0.67,Text
883,0,0,1,0.91,Video
884,1,0,0,0.57,Audio
885,1,1,1,0.49,Audio
886,0,0,0,0.78,Video
887,0,1,1,0.68,Text
888,1,1,0,0.52,Audio
889,1,0,1,0.60,Audio
890,0,1,1,0.63,Text
891,0,0,0,0.83,Video
892,1,1,1,0.44,Audio
893,1,0,0,0.55,Audio
894,0,1,0,0.68,Text
895,0,0,1,0.89,Video
896,1,1,1,0.43,Audio
897,1,0,0,0.57,Audio
898,0,1,1,0.64,Text
899,0,0,0,0.82,Video
900,1,1,0,0.54,Audio
901,1,0,1,0.59,Audio
902,0,1,1,0.67,Text
903,0,0,1,0.91,Video
904,1,0,0,0.57,Audio
905,1,1,1,0.49,Audio
906,0,0,0,0.78,Video
907,0,1,1,0.68,Text
908,1,1,0,0.52,Audio
909,1,0,1,0.60,Audio
910,0,1,1,0.63,Text
911,0,0,0,0.83,Video
912,1,1,1,0.44,Audio
913,1,0,0,0.55,Audio
914,0,1,0,0.68,Text
915,0,0,1,0.89,Video
916,1,1,1,0.43,Audio
917,1,0,0,0.57,Audio
918,0,1,1,0.64,Text
919,0,0,0,0.82,Video
920,1,1,0,0.54,Audio
921,1,0,1,0.59,Audio
922,0,1,1,0.67,Text
923,0,0,1,0.91,Video
924,1,0,0,0.57,Audio
925,1,1,1,0.49,Audio
926,0,0,0,0.78,Video
927,0,1,1,0.68,Text
928,1,1,0,0.52,Audio
929,1,0,1,0.60,Audio
930,0,1,1,0.63,Text
931,0,0,0,0.83,Video
932,1,1,1,0.44,Audio
933,1,0,0,0.55,Audio
934,0,1,0,0.68,Text
935,0,0,1,0.89,Video
936,1,1,1,0.43,Audio
937,1,0,0,0.57,Audio
938,0,1,1,0.64,Text
939,0,0,0,0.82,Video
940,1,1,0,0.54,Audio
941,1,0,1,0.59,Audio
942,0,1,1,0.67,Text
943,0,0,1,0.91,Video
944,1,0,0,0.57,Audio
945,1,1,1,0.49,Audio
946,0,0,0,0.78,Video
947,0,1,1,0.68,Text
948,1,1,0,0.52,Audio
949,1,0,1,0.60,Audio
950,0,1,1,0.63,Text
951,0,0,0,0.83,Video
952,1,1,1,0.44,Audio
953,1,0,0,0.55,Audio
954,0,1,0,0.68,Text
955,0,0,1,0.89,Video
956,1,1,1,0.43,Audio
957,1,0,0,0.57,Audio
958,0,1,1,0.64,Text
959,0,0,0,0.82,Video
960,1,1,0,0.54,Audio
961,1,0,1,0.59,Audio
962,0,1,1,0.67,Text
963,0,0,1,0.91,Video
964,1,0,0,0.57,Audio
965,1,1,1,0.49,Audio
966,0,0,0,0.78,Video
967,0,1,1,0.68,Text
968,1,1,0,0.52,Audio
969,1,0,1,0.60,Audio
970,0,1,1,0.63,Text
971,0,0,0,0.83,Video
972,1,1,1,0.44,Audio
973,1,0,0,0.55,Audio
974,0,1,0,0.68,Text
975,0,0,1,0.89,Video
976,1,1,1,0.43,Audio
977,1,0,0,0.57,Audio
978,0,1,1,0.64,Text
979,0,0,0,0.82,Video
980,1,1,0,0.54,Audio
981,1,0,1,0.59,Audio
982,0,1,1,0.67,Text
983,0,0,1,0.91,Video
984,1,0,0,0.57,Audio
985,1,1,1,0.49,Audio
986,0,0,0,0.78,Video
987,0,1,1,0.68,Text
988,1,1,0,0.52,Audio
989,1,0,1,0.60,Audio
990,0,1,1,0.63,Text
991,0,0,0,0.83,Video
992,1,1,1,0.44,Audio
993,1,0,0,0.55,Audio
994,0,1,0,0.68,Text
995,0,0,1,0.89,Video
996,1,1,1,0.43,Audio
997,1,0,0,0.57,Audio
998,0,1,1,0.64,Text
999,0,0,0,0.82,Video
1000,1,1,0,0.54,Audio
1001,1,0,1,0.59,Audio
1002,0,1,1,0.67,Text
1003,0,0,1,0.91,Video
1004,1,0,0,0.57,Audio
1005,1,1,1,0.49,Audio
1006,0,0,0,0.78,Video
1007,0,1,1,0.68,Text
1008,1,1,0,0.52,Audio
1009,1,0,1,0.60,Audio
1010,0,1,1,0.63,Text
1011,0,0,0,0.83,Video
1012,1,1,1,0.44,Audio
1013,1,0,0,0.55,Audio
1014,0,1,0,0.68,Text
1015,0,0,1,0.89,Video
1016,1,1,1,0.43,Audio
1017,1,0,0,0.57,Audio
1018,0,1,1,0.64,Text
1019,0,0,0,0.82,Video
1020,1,1,0,0.54,Audio
1021,1,0,1,0.59,Audio
1022,0,1,1,0.67,Text
1023,0,0,1,0.91,Video
1024,1,0,0,0.57,Audio
1025,1,1,1,0.49,Audio
1026,0,0,0,0.78,Video
1027,0,1,1,0.68,Text
1028,1,1,0,0.52,Audio
1029,1,0,1,0.60,Audio
1030,0,1,1,0.63,Text
1031,0,0,0,0.83,Video
1032,1,1,1,0.44,Audio
1033,1,0,0,0.55,Audio
1034,0,1,0,0.68,Text
1035,0,0,1,0.89,Video
1036,1,1,1,0.43,Audio
1037,1,0,0,0.57,Audio
1038,0,1,1,0.64,Text
1039,0,0,0,0.82,Video
1040,1,1,0,0.54,Audio
1041,1,0,1,0.59,Audio
1042,0,1,1,0.67,Text
1043,0,0,1,0.91,Video
1044,1,0,0,0.57,Audio
1045,1,1,1,0.49,Audio
1046,0,0,0,0.78,Video
1047,0,1,1,0.68,Text
1048,1,1,0,0.52,Audio
1049,1,0,1,0.60,Audio
1050,0,1,1,0.63,Text
1051,0,0,0,0.83,Video
1052,1,1,1,0.44,Audio
1053,1,0,0,0.55,Audio
1054,0,1,0,0.68,Text
1055,0,0,1,0.89,Video
1056,1,1,1,0.43,Audio
1057,1,0,0,0.57,Audio
1058,0,1,1,0.64,Text
1059,0,0,0,0.82,Video
1060,1,1,0,0.54,Audio
1061,1,0,1,0.59,Audio
1062,0,1,1,0.67,Text
1063,0,0,1,0.91,Video
1064,1,0,0,0.57,Audio
1065,1,1,1,0.49,Audio
1066,0,0,0,0.78,Video
1067,0,1,1,0.68,Text
1068,1,1,0,0.52,Audio
1069,1,0,1,0.60,Audio
1070,0,1,1,0.63,Text
1071,0,0,0,0.83,Video
1072,1,1,1,0.44,Audio
1073,1,0,0,0.55,Audio
1074,0,1,0,0.68,Text
1075,0,0,1,0.89,Video
1076,1,1,1,0.43,Audio
1077,1,0,0,0.57,Audio
1078,0,1,1,0.64,Text
1079,0,0,0,0.82,Video
1080,1,1,0,0.54,Audio
1081,1,0,1,0.59,Audio
1082,0,1,1,0.67,Text
1083,0,0,1,0.91,Video
1084,1,0,0,0.57,Audio
1085,1,1,1,0.49,Audio
1086,0,0,0,0.78,Video
1087,0,1,1,0.68,Text
1088,1,1,0,0.52,Audio
1089,1,0,1,0.60,Audio
1090,0,1,1,0.63,Text
1091,0,0,0,0.83,Video
1092,1,1,1,0.44,Audio
1093,1,0,0,0.55,Audio
1094,0,1,0,0.68,Text
1095,0,0,1,0.89,Video
1096,1,1,1,0.43,Audio
1097,1,0,0,0.57,Audio
1098,0,1,1,0.64,Text
1099,0,0,0,0.82,Video
1100,1,1,0,0.54,Audio
1101,1,0,1,0.59,Audio
1102,0,1,1,0.67,Text
1103,0,0,1,0.91,Video
1104,1,0,0,0.57,Audio
1105,1,1,1,0.49,Audio
1106,0,0,0,0.78,Video
1107,0,1,1,0.68,Text
1108,1,1,0,0.52,Audio
1109,1,0,1,0.60,Audio
1110,0,1,1,0.63,Text
1111,0,0,0,0.83,Video
1112,1,1,1,0.44,Audio
1113,1,0,0,0.55,Audio
1114,0,1,0,0.68,Text
1115,0,0,1,0.89,Video
1116,1,1,1,0.43,Audio
1117,1,0,0,0.57,Audio
1118,0,1,1,0.64,Text
1119,0,0,0,0.82,Video
1120,1,1,0,0.54,Audio
1121,1,0,1,0.59,Audio
1122,0,1,1,0.67,Text
1123,0,0,1,0.91,Video
1124,1,0,0,0.57,Audio
1125,1,1,1,0.49,Audio
1126,0,0,0,0.78,Video
1127,0,1,1,0.68,Text
1128,1,1,0,0.52,Audio
1129,1,0,1,0.60,Audio
1130,0,1,1,0.63,Text
1131,0,0,0,0.83,Video
1132,1,1,1,0.44,Audio
1133,1,0,0,0.55,Audio
1134,0,1,0,0.68,Text
1135,0,0,1,0.89,Video
1136,1,1,1,0.43,Audio
1137,1,0,0,0.57,Audio
1138,0,1,1,0.64,Text
1139,0,0,0,0.82,Video
1140,1,1,0,0.54,Audio
1141,1,0,1,0.59,Audio
1142,0,1,1,0.67,Text
1143,0,0,1,0.91,Video
1144,1,0,0,0.57,Audio
1145,1,1,1,0.49,Audio
1146,0,0,0,0.78,Video
1147,0,1,1,0.68,Text
1148,1,1,0,0.52,Audio
1149,1,0,1,0.60,Audio
1150,0,1,1,0.63,Text
1151,0,0,0,0.83,Video
1152,1,1,1,0.44,Audio
1153,1,0,0,0.55,Audio
1154,0,1,0,0.68,Text
1155,0,0,1,0.89,Video
1156,1,1,1,0.43,Audio
1157,1,0,0,0.57,Audio
1158,0,1,1,0.64,Text
1159,0,0,0,0.82,Video
1160,1,1,0,0.54,Audio
1161,1,0,1,0.59,Audio
1162,0,1,1,0.67,Text
1163,0,0,1,0.91,Video
1164,1,0,0,0.57,Audio
1165,1,1,1,0.49,Audio
1166,0,0,0,0.78,Video
1167,0,1,1,0.68,Text
1168,1,1,0,0.52,Audio
1169,1,0,1,0.60,Audio
1170,0,1,1,0.63,Text
1171,0,0,0,0.83,Video
1172,1,1,1,0.44,Audio
1173,1,0,0,0.55,Audio
1174,0,1,0,0.68,Text
1175,0,0,1,0.89,Video
1176,1,1,1,0.43,Audio
1177,1,0,0,0.57,Audio
1178,0,1,1,0.64,Text
1179,0,0,0,0.82,Video
1180,1,1,0,0.54,Audio
1181,1,0,1,0.59,Audio
1182,0,1,1,0.67,Text
1183,0,0,1,0.91,Video
1184,1,0,0,0.57,Audio
1185,1,1,1,0.49,Audio
1186,0,0,0,0.78,Video
1187,0,1,1,0.68,Text
1188,1,1,0,0.52,Audio
1189,1,0,1,0.60,Audio
1190,0,1,1,0.63,Text
1191,0,0,0,0.83,Video
1192,1,1,1,0.44,Audio
1193,1,0,0,0.55,Audio
1194,0,1,0,0.68,Text
1195,0,0,1,0.89,Video
1196,1,1,1,0.43,Audio
1197,1,0,0,0.57,Audio
1198,0,1,1,0.64,Text
1199,0,0,0,0.82,Video
1200,1,1,0,0.54,Audio
1201,1,0,1,0.59,Audio
1202,0,1,1,0.67,Text
1203,0,0,1,0.91,Video
1204,1,0,0,0.57,Audio
1205,1,1,1,0.49,Audio
1206,0,0,0,0.78,Video
1207,0,1,1,0.68,Text
1208,1,1,0,0.52,Audio
1209,1,0,1,0.60,Audio
1210,0,1,1,0.63,Text
1211,0,0,0,0.83,Video
1212,1,1,1,0.44,Audio
1213,1,0,0,0.55,Audio
1214,0,1,0,0.68,Text
1215,0,0,1,0.89,Video
1216,1,1,1,0.43,Audio
1217,1,0,0,0.57,Audio
1218,0,1,1,0.64,Text
1219,0,0,0,0.82,Video
1220,1,1,0,0.54,Audio
1221,1,0,1,0.59,Audio
1222,0,1,1,0.67,Text
1223,0,0,1,0.91,Video
1224,1,0,0,0.57,Audio
1225,1,1,1,0.49,Audio
1226,0,0,0,0.78,Video
1227,0,1,1,0.68,Text
1228,1,1,0,0.52,Audio
1229,1,0,1,0.60,Audio
1230,0,1,1,0.63,Text
1231,0,0,0,0.83,Video
1232,1,1,1,0.44,Audio
1233,1,0,0,0.55,Audio
1234,0,1,0,0.68,Text
1235,0,0,1,0.89,Video
1236,1,1,1,0.43,Audio
1237,1,0,0,0.57,Audio
1238,0,1,1,0.64,Text
1239,0,0,0,0.82,Video
1240,1,1,0,0.54,Audio
1241,1,0,1,0.59,Audio
1242,0,1,1,0.67,Text
1243,0,0,1,0.91,Video
1244,1,0,0,0.57,Audio
1245,1,1,1,0.49,Audio
1246,0,0,0,0.78,Video
1247,0,1,1,0.68,Text
1248,1,1,0,0.52,Audio
1249,1,0,1,0.60,Audio
1250,0,1,1,0.63,Text
1251,0,0,0,0.83,Video
1252,1,1,1,0.44,Audio
1253,1,0,0,0.55,Audio
1254,0,1,0,0.68,Text
1255,0,0,1,0.89,Video
1256,1,1,1,0.43,Audio
1257,1,0,0,0.57,Audio
1258,0,1,1,0.64,Text
1259,0,0,0,0.82,Video
1260,1,1,0,0.54,Audio
1261,1,0,1,0.59,Audio
1262,0,1,1,0.67,Text
1263,0,0,1,0.91,Video
1264,1,0,0,0.57,Audio
1265,1,1,1,0.49,Audio
1266,0,0,0,0.78,Video
1267,0,1,1,0.68,Text
1268,1,1,0,0.52,Audio
1269,1,0,1,0.60,Audio
1270,0,1,1,0.63,Text
1271,0,0,0,0.83,Video
1272,1,1,1,0.44,Audio
1273,1,0,0,0.55,Audio
1274,0,1,0,0.68,Text
1275,0,0,1,0.89,Video
1276,1,1,1,0.43,Audio
1277,1,0,0,0.57,Audio
1278,0,1,1,0.64,Text
1279,0,0,0,0.82,Video
1280,1,1,0,0.54,Audio
1281,1,0,1,0.59,Audio
1282,0,1,1,0.67,Text
1283,0,0,1,0.91,Video
1284,1,0,0,0.57,Audio
1285,1,1,1,0.49,Audio
1286,0,0,0,0.78,Video
1287,0,1,1,0.68,Text
1288,1,1,0,0.52,Audio
1289,1,0,1,0.60,Audio
1290,0,1,1,0.63,Text
1291,0,0,0,0.83,Video
1292,1,1,1,0.44,Audio
1293,1,0,0,0.55,Audio
1294,0,1,0,0.68,Text
1295,0,0,1,0.89,Video
1296,1,1,1,0.43,Audio
1297,1,0,0,0.57,Audio
1298,0,1,1,0.64,Text
1299,0,0,0,0.82,Video
1300,1,1,0,0.54,Audio
1301,1,0,1,0.59,Audio
1302,0,1,1,0.67,Text
1303,0,0,1,0.91,Video
1304,1,0,0,0.57,Audio
1305,1,1,1,0.49,Audio
1306,0,0,0,0.78,Video
1307,0,1,1,0.68,Text
1308,1,1,0,0.52,Audio
1309,1,0,1,0.60,Audio
1310,0,1,1,0.63,Text
1311,0,0,0,0.83,Video
1312,1,1,1,0.44,Audio
1313,1,0,0,0.55,Audio
1314,0,1,0,0.68,Text
1315,0,0,1,0.89,Video
1316,1,1,1,0.43,Audio
1317,1,0,0,0.57,Audio
1318,0,1,1,0.64,Text
1319,0,0,0,0.82,Video
1320,1,1,0,0.54,Audio
1321,1,0,1,0.59,Audio
1322,0,1,1,0.67,Text
1323,0,0,1,0.91,Video
1324,1,0,0,0.57,Audio
1325,1,1,1,0.49,Audio
1326,0,0,0,0.78,Video
1327,0,1,1,0.68,Text
1328,1,1,0,0.52,Audio
1329,1,0,1,0.60,Audio
1330,0,1,1,0.63,Text
1331,0,0,0,0.83,Video
1332,1,1,1,0.44,Audio
1333,1,0,0,0.55,Audio
1334,0,1,0,0.68,Text
1335,0,0,1,0.89,Video
1336,1,1,1,0.43,Audio
1337,1,0,0,0.57,Audio
1338,0,1,1,0.64,Text
1339,0,0,0,0.82,Video
1340,1,1,0,0.54,Audio
1341,1,0,1,0.59,Audio
1342,0,1,1,0.67,Text
1343,0,0,1,0.91,Video
1344,1,0,0,0.57,Audio
1345,1,1,1,0.49,Audio
1346,0,0,0,0.78,Video
1347,0,1,1,0.68,Text
1348,1,1,0,0.52,Audio
1349,1,0,1,0.60,Audio
1350,0,1,1,0.63,Text
1351,0,0,0,0.83,Video
1352,1,1,1,0.44,Audio
1353,1,0,0,0.55,Audio
1354,0,1,0,0.68,Text
1355,0,0,1,0.89,Video
1356,1,1,1,0.43,Audio
1357,1,0,0,0.57,Audio
1358,0,1,1,0.64,Text
1359,0,0,0,0.82,Video
1360,1,1,0,0.54,Audio
1361,1,0,1,0.59,Audio
1362,0,1,1,0.67,Text
1363,0,0,1,0.91,Video
1364,1,0,0,0.57,Audio
1365,1,1,1,0.49,Audio
1366,0,0,0,0.78,Video
1367,0,1,1,0.68,Text
1368,1,1,0,0.52,Audio
1369,1,0,1,0.60,Audio
1370,0,1,1,0.63,Text
1371,0,0,0,0.83,Video
1372,1,1,1,0.44,Audio
1373,1,0,0,0.55,Audio
1374,0,1,0,0.68,Text
1375,0,0,1,0.89,Video
1376,1,1,1,0.43,Audio
1377,1,0,0,0.57,Audio
1378,0,1,1,0.64,Text
1379,0,0,0,0.82,Video
1380,1,1,0,0.54,Audio
1381,1,0,1,0.59,Audio
1382,0,1,1,0.67,Text
1383,0,0,1,0.91,Video
1384,1,0,0,0.57,Audio
1385,1,1,1,0.49,Audio
1386,0,0,0,0.78,Video
1387,0,1,1,0.68,Text
1388,1,1,0,0.52,Audio
1389,1,0,1,0.60,Audio
1390,0,1,1,0.63,Text
1391,0,0,0,0.83,Video
1392,1,1,1,0.44,Audio
1393,1,0,0,0.55,Audio
1394,0,1,0,0.68,Text
1395,0,0,1,0.89,Video
1396,1,1,1,0.43,Audio
1397,1,0,0,0.57,Audio
1398,0,1,1,0.64,Text
1399,0,0,0,0.82,Video
1400,1,1,0,0.54,Audio
1401,1,0,1,0.59,Audio
1402,0,1,1,0.67,Text
1403,0,0,1,0.91,Video
1404,1,0,0,0.57,Audio
1405,1,1,1,0.49,Audio
1406,0,0,0,0.78,Video
1407,0,1,1,0.68,Text
1408,1,1,0,0.52,Audio
1409,1,0,1,0.60,Audio
1410,0,1,1,0.63,Text
1411,0,0,0,0.83,Video
1412,1,1,1,0.44,Audio
1413,1,0,0,0.55,Audio
1414,0,1,0,0.68,Text
1415,0,0,1,0.89,Video
1416,1,1,1,0.43,Audio
1417,1,0,0,0.57,Audio
1418,0,1,1,0.64,Text
1419,0,0,0,0.82,Video
1420,1,1,0,0.54,Audio
1421,1,0,1,0.59,Audio
1422,0,1,1,0.67,Text
1423,0,0,1,0.91,Video
1424,1,0,0,0.57,Audio
1425,1,1,1,0.49,Audio
1426,0,0,0,0.78,Video
1427,0,1,1,0.68,Text
1428,1,1,0,0.52,Audio
1429,1,0,1,0.60,Audio
1430,0,1,1,0.63,Text
1431,0,0,0,0.83,Video
1432,1,1,1,0.44,Audio
1433,1,0,0,0.55,Audio
1434,0,1,0,0.68,Text
1435,0,0,1,0.89,Video
1436,1,1,1,0.43,Audio
1437,1,0,0,0.57,Audio
1438,0,1,1,0.64,Text
1439,0,0,0,0.82,Video
1440,1,1,0,0.54,Audio
1441,1,0,1,0.59,Audio
1442,0,1,1,0.67,Text
1443,0,0,1,0.91,Video
1444,1,0,0,0.57,Audio
1445,1,1,1,0.49,Audio
1446,0,0,0,0.78,Video
1447,0,1,1,0.68,Text
1448,1,1,0,0.52,Audio
1449,1,0,1,0.60,Audio
1450,0,1,1,0.63,Text
1451,0,0,0,0.83,Video
1452,1,1,1,0.44,Audio
1453,1,0,0,0.55,Audio
1454,0,1,0,0.68,Text
1455,0,0,1,0.89,Video
1456,1,1,1,0.43,Audio
1457,1,0,0,0.57,Audio
1458,0,1,1,0.64,Text
1459,0,0,0,0.82,Video
1460,1,1,0,0.54,Audio
1461,1,0,1,0.59,Audio
1462,0,1,1,0.67,Text
1463,0,0,1,0.91,Video
1464,1,0,0,0.57,Audio
1465,1,1,1,0.49,Audio
1466,0,0,0,0.78,Video
1467,0,1,1,0.68,Text
1468,1,1,0,0.52,Audio
1469,1,0,1,0.60,Audio
1470,0,1,1,0.63,Text
1471,0,0,0,0.83,Video
1472,1,1,1,0.44,Audio
1473,1,0,0,0.55,Audio
1474,0,1,0,0.68,Text
1475,0,0,1,0.89,Video
1476,1,1,1,0.43,Audio
1477,1,0,0,0.57,Audio
1478,0,1,1,0.64,Text
1479,0,0,0,0.82,Video
1480,1,1,0,0.54,Audio
1481,1,0,1,0.59,Audio
1482,0,1,1,0.67,Text
1483,0,0,1,0.91,Video
1484,1,0,0,0.57,Audio
1485,1,1,1,0.49,Audio
1486,0,0,0,0.78,Video
1487,0,1,1,0.68,Text
1488,1,1,0,0.52,Audio
1489,1,0,1,0.60,Audio
1490,0,1,1,0.63,Text
1491,0,0,0,0.83,Video
1492,1,1,1,0.44,Audio
1493,1,0,0,0.55,Audio
1494,0,1,0,0.68,Text
1495,0,0,1,0.89,Video
1496,1,1,1,0.43,Audio
1497,1,0,0,0.57,Audio
1498,0,1,1,0.64,Text
1499,0,0,0,0.82,Video
1500,1,1,0,0.54,Audio
1501,1,0,1,0.59,Audio
1502,0,1,1,0.67,Text
1503,0,0,1,0.91,Video
1504,1,0,0,0.57,Audio
1505,1,1,1,0.49,Audio
1506,0,0,0,0.78,Video
1507,0,1,1,0.68,Text
1508,1,1,0,0.52,Audio
1509,1,0,1,0.60,Audio
1510,0,1,1,0.63,Text
1511,0,0,0,0.83,Video
1512,1,1,1,0.44,Audio
1513,1,0,0,0.55,Audio
1514,0,1,0,0.68,Text
1515,0,0,1,0.89,Video
1516,1,1,1,0.43,Audio
1517,1,0,0,0.57,Audio
1518,0,1,1,0.64,Text
1519,0,0,0,0.82,Video
1520,1,1,0,0.54,Audio
1521,1,0,1,0.59,Audio
1522,0,1,1,0.67,Text
1523,0,0,1,0.91,Video
1524,1,0,0,0.57,Audio
1525,1,1,1,0.49,Audio
1526,0,0,0,0.78,Video
1527,0,1,1,0.68,Text
1528,1,1,0,0.52,Audio
1529,1,0,1,0.60,Audio
1530,0,1,1,0.63,Text
1531,0,0,0,0.83,Video
1532,1,1,1,0.44,Audio
1533,1,0,0,0.55,Audio
1534,0,1,0,0.68,Text
1535,0,0,1,0.89,Video
1536,1,1,1,0.43,Audio
1537,1,0,0,0.57,Audio
1538,0,1,1,0.64,Text
1539,0,0,0,0.82,Video
1540,1,1,0,0.54,Audio
1541,1,0,1,0.59,Audio
1542,0,1,1,0.67,Text
1543,0,0,1,0.91,Video
1544,1,0,0,0.57,Audio
1545,1,1,1,0.49,Audio
1546,0,0,0,0.78,Video
1547,0,1,1,0.68,Text
1548,1,1,0,0.52,Audio
1549,1,0,1,0.60,Audio
1550,0,1,1,0.63,Text
1551,0,0,0,0.83,Video
1552,1,1,1,0.44,Audio
1553,1,0,0,0.55,Audio
1554,0,1,0,0.68,Text
1555,0,0,1,0.89,Video
1556,1,1,1,0.43,Audio
1557,1,0,0,0.57,Audio
1558,0,1,1,0.64,Text
1559,0,0,0,0.82,Video
1560,1,1,0,0.54,Audio
1561,1,0,1,0.59,Audio
1562,0,1,1,0.67,Text
1563,0,0,1,0.91,Video
1564,1,0,0,0.57,Audio
1565,1,1,1,0.49,Audio
1566,0,0,0,0.78,Video
1567,0,1,1,0.68,Text
1568,1,1,0,0.52,Audio
1569,1,0,1,0.60,Audio
1570,0,1,1,0.63,Text
1571,0,0,0,0.83,Video
1572,1,1,1,0.44,Audio
1573,1,0,0,0.55,Audio
1574,0,1,0,0.68,Text
1575,0,0,1,0.89,Video
1576,1,1,1,0.43,Audio
1577,1,0,0,0.57,Audio
1578,0,1,1,0.64,Text
1579,0,0,0,0.82,Video
1580,1,1,0,0.54,Audio
1581,1,0,1,0.59,Audio
1582,0,1,1,0.67,Text
1583,0,0,1,0.91,Video
1584,1,0,0,0.57,Audio
1585,1,1,1,0.49,Audio
1586,0,0,0,0.78,Video
1587,0,1,1,0.68,Text
1588,1,1,0,0.52,Audio
1589,1,0,1,0.60,Audio
1590,0,1,1,0.63,Text
1591,0,0,0,0.83,Video
1592,1,1,1,0.44,Audio
1593,1,0,0,0.55,Audio
1594,0,1,0,0.68,Text
1595,0,0,1,0.89,Video
1596,1,1,1,0.43,Audio
1597,1,0,0,0.57,Audio
1598,0,1,1,0.64,Text
1599,0,0,0,0.82,Video
1600,1,1,0,0.54,Audio
1601,1,0,1,0.59,Audio
1602,0,1,1,0.67,Text
1603,0,0,1,0.91,Video
1604,1,0,0,0.57,Audio
1605,1,1,1,0.49,Audio
1606,0,0,0,0.78,Video
1607,0,1,1,0.68,Text
1608,1,1,0,0.52,Audio
1609,1,0,1,0.60,Audio
1610,0,1,1,0.63,Text
1611,0,0,0,0.83,Video
1612,1,1,1,0.44,Audio
1613,1,0,0,0.55,Audio
1614,0,1,0,0.68,Text
1615,0,0,1,0.89,Video
1616,1,1,1,0.43,Audio
1617,1,0,0,0.57,Audio
1618,0,1,1,0.64,Text
1619,0,0,0,0.82,Video
1620,1,1,0,0.54,Audio
1621,1,0,1,0.59,Audio
1622,0,1,1,0.67,Text
1623,0,0,1,0.91,Video
1624,1,0,0,0.57,Audio
1625,1,1,1,0.49,Audio
1626,0,0,0,0.78,Video
1627,0,1,1,0.68,Text
1628,1,1,0,0.52,Audio
1629,1,0,1,0.60,Audio
1630,0,1,1,0.63,Text
1631,0,0,0,0.83,Video
1632,1,1,1,0.44,Audio
1633,1,0,0,0.55,Audio
1634,0,1,0,0.68,Text
1635,0,0,1,0.89,Video
1636,1,1,1,0.43,Audio
1637,1,0,0,0.57,Audio
1638,0,1,1,0.64,Text
1639,0,0,0,0.82,Video
1640,1,1,0,0.54,Audio
1641,1,0,1,0.59,Audio
1642,0,1,1,0.67,Text
1643,0,0,1,0.91,Video
1644,1,0,0,0.57,Audio
1645,1,1,1,0.49,Audio
1646,0,0,0,0.78,Video
1647,0,1,1,0.68,Text
1648,1,1,0,0.52,Audio
1649,1,0,1,0.60,Audio
1650,0,1,1,0.63,Text
1651,0,0,0,0.83,Video
1652,1,1,1,0.44,Audio
1653,1,0,0,0.55,Audio
1654,0,1,0,0.68,Text
1655,0,0,1,0.89,Video
1656,1,1,1,0.43,Audio
1657,1,0,0,0.57,Audio
1658,0,1,1,0.64,Text
1659,0,0,0,0.82,Video
1660,1,1,0,0.54,Audio
1661,1,0,1,0.59,Audio
1662,0,1,1,0.67,Text
1663,0,0,1,0.91,Video
1664,1,0,0,0.57,Audio
1665,1,1,1,0.49,Audio
1666,0,0,0,0.78,Video
1667,0,1,1,0.68,Text
1668,1,1,0,0.52,Audio
1669,1,0,1,0.60,Audio
1670,0,1,1,0.63,Text
1671,0,0,0,0.83,Video
1672,1,1,1,0.44,Audio
1673,1,0,0,0.55,Audio
1674,0,1,0,0.68,Text
1675,0,0,1,0.89,Video
1676,1,1,1,0.43,Audio
1677,1,0,0,0.57,Audio
1678,0,1,1,0.64,Text
1679,0,0,0,0.82,Video
1680,1,1,0,0.54,Audio
1681,1,0,1,0.59,Audio
1682,0,1,1,0.67,Text
1683,0,0,1,0.91,Video
1684,1,0,0,0.57,Audio
1685,1,1,1,0.49,Audio
1686,0,0,0,0.78,Video
1687,0,1,1,0.68,Text
1688,1,1,0,0.52,Audio
1689,1,0,1,0.60,Audio
1690,0,1,1,0.63,Text
1691,0,0,0,0.83,Video
1692,1,1,1,0.44,Audio
1693,1,0,0,0.55,Audio
1694,0,1,0,0.68,Text
1695,0,0,1,0.89,Video
1696,1,1,1,0.43,Audio
1697,1,0,0,0.57,Audio
1698,0,1,1,0.64,Text
1699,0,0,0,0.82,Video
1700,1,1,0,0.54,Audio
1701,1,0,1,0.59,Audio
1702,0,1,1,0.67,Text
1703,0,0,1,0.91,Video
1704,1,0,0,0.57,Audio
1705,1,1,1,0.49,Audio
1706,0,0,0,0.78,Video
1707,0,1,1,0.68,Text
1708,1,1,0,0.52,Audio
1709,1,0,1,0.60,Audio
1710,0,1,1,0.63,Text
1711,0,0,0,0.83,Video
1712,1,1,1,0.44,Audio
1713,1,0,0,0.55,Audio
1714,0,1,0,0.68,Text
1715,0,0,1,0.89,Video
1716,1,1,1,0.43,Audio
1717,1,0,0,0.57,Audio
1718,0,1,1,0.64,Text
1719,0,0,0,0.82,Video
1720,1,1,0,0.54,Audio
1721,1,0,1,0.59,Audio
1722,0,1,1,0.67,Text
1723,0,0,1,0.91,Video
1724,1,0,0,0.57,Audio
1725,1,1,1,0.49,Audio
1726,0,0,0,0.78,Video
1727,0,1,1,0.68,Text
1728,1,1,0,0.52,Audio
1729,1,0,1,0.60,Audio
1730,0,1,1,0.63,Text
1731,0,0,0,0.83,Video
1732,1,1,1,0.44,Audio
1733,1,0,0,0.55,Audio
1734,0,1,0,0.68,Text
1735,0,0,1,0.89,Video
1736,1,1,1,0.43,Audio
1737,1,0,0,0.57,Audio
1738,0,1,1,0.64,Text
1739,0,0,0,0.82,Video
1740,1,1,0,0.54,Audio
1741,1,0,1,0.59,Audio
1742,0,1,1,0.67,Text
1743,0,0,1,0.91,Video
1744,1,0,0,0.57,Audio
1745,1,1,1,0.49,Audio
1746,0,0,0,0.78,Video
1747,0,1,1,0.68,Text
1748,1,1,0,0.52,Audio
1749,1,0,1,0.60,Audio
1750,0,1,1,0.63,Text
1751,0,0,0,0.83,Video
1752,1,1,1,0.44,Audio
1753,1,0,0,0.55,Audio
1754,0,1,0,0.68,Text
1755,0,0,1,0.89,Video
1756,1,1,1,0.43,Audio
1757,1,0,0,0.57,Audio
1758,0,1,1,0.64,Text
1759,0,0,0,0.82,Video
1760,1,1,0,0.54,Audio
1761,1,0,1,0.59,Audio
1762,0,1,1,0.67,Text
1763,0,0,1,0.91,Video
1764,1,0,0,0.57,Audio
1765,1,1,1,0.49,Audio
1766,0,0,0,0.78,Video
1767,0,1,1,0.68,Text
1768,1,1,0,0.52,Audio
1769,1,0,1,0.60,Audio
1770,0,1,1,0.63,Text
1771,0,0,0,0.83,Video
1772,1,1,1,0.44,Audio
1773,1,0,0,0.55,Audio
1774,0,1,0,0.68,Text
1775,0,0,1,0.89,Video
1776,1,1,1,0.43,Audio
1777,1,0,0,0.57,Audio
1778,0,1,1,0.64,Text
1779,0,0,0,0.82,Video
1780,1,1,0,0.54,Audio
1781,1,0,1,0.59,Audio
1782,0,1,1,0.67,Text
1783,0,0,1,0.91,Video
1784,1,0,0,0.57,Audio
1785,1,1,1,0.49,Audio
1786,0,0,0,0.78,Video
1787,0,1,1,0.68,Text
1788,1,1,0,0.52,Audio
1789,1,0,1,0.60,Audio
1790,0,1,1,0.63,Text
1791,0,0,0,0.83,Video
1792,1,1,1,0.44,Audio
1793,1,0,0,0.55,Audio
1794,0,1,0,0.68,Text
1795,0,0,1,0.89,Video
1796,1,1,1,0.43,Audio
1797,1,0,0,0.57,Audio
1798,0,1,1,0.64,Text
1799,0,0,0,0.82,Video
1800,1,1,0,0.54,Audio
1801,1,0,1,0.59,Audio
1802,0,1,1,0.67,Text
1803,0,0,1,0.91,Video
1804,1,0,0,0.57,Audio
1805,1,1,1,0.49,Audio
1806,0,0,0,0.78,Video
1807,0,1,1,0.68,Text
1808,1,1,0,0.52,Audio
1809,1,0,1,0.60,Audio
1810,0,1,1,0.63,Text
1811,0,0,0,0.83,Video
1812,1,1,1,0.44,Audio
1813,1,0,0,0.55,Audio
1814,0,1,0,0.68,Text
1815,0,0,1,0.89,Video
1816,1,1,1,0.43,Audio
1817,1,0,0,0.57,Audio
1818,0,1,1,0.64,Text
1819,0,0,0,0.82,Video
1820,1,1,0,0.54,Audio
1821,1,0,1,0.59,Audio
1822,0,1,1,0.67,Text
1823,0,0,1,0.91,Video
1824,1,0,0,0.57,Audio
1825,1,1,1,0.49,Audio
1826,0,0,0,0.78,Video
1827,0,1,1,0.68,Text
1828,1,1,0,0.52,Audio
1829,1,0,1,0.60,Audio
1830,0,1,1,0.63,Text
1831,0,0,0,0.83,Video
1832,1,1,1,0.44,Audio
1833,1,0,0,0.55,Audio
1834,0,1,0,0.68,Text
1835,0,0,1,0.89,Video
1836,1,1,1,0.43,Audio
1837,1,0,0,0.57,Audio
1838,0,1,1,0.64,Text
1839,0,0,0,0.82,Video
1840,1,1,0,0.54,Audio
1841,1,0,1,0.59,Audio
1842,0,1,1,0.67,Text
1843,0,0,1,0.91,Video
1844,1,0,0,0.57,Audio
1845,1,1,1,0.49,Audio
1846,0,0,0,0.78,Video
1847,0,1,1,0.68,Text
1848,1,1,0,0.52,Audio
1849,1,0,1,0.60,Audio
1850,0,1,1,0.63,Text
1851,0,0,0,0.83,Video
1852,1,1,1,0.44,Audio
1853,1,0,0,0.55,Audio
1854,0,1,0,0.68,Text
1855,0,0,1,0.89,Video
1856,1,1,1,0.43,Audio
1857,1,0,0,0.57,Audio
1858,0,1,1,0.64,Text
1859,0,0,0,0.82,Video
1860,1,1,0,0.54,Audio
1861,1,0,1,0.59,Audio
1862,0,1,1,0.67,Text
1863,0,0,1,0.91,Video
1864,1,0,0,0.57,Audio
1865,1,1,1,0.49,Audio
1866,0,0,0,0.78,Video
1867,0,1,1,0.68,Text
1868,1,1,0,0.52,Audio
1869,1,0,1,0.60,Audio
1870,0,1,1,0.63,Text
1871,0,0,0,0.83,Video
1872,1,1,1,0.44,Audio
1873,1,0,0,0.55,Audio
1874,0,1,0,0.68,Text
1875,0,0,1,0.89,Video
1876,1,1,1,0.43,Audio
1877,1,0,0,0.57,Audio
1878,0,1,1,0.64,Text
1879,0,0,0,0.82,Video
1880,1,1,0,0.54,Audio
1881,1,0,1,0.59,Audio
1882,0,1,1,0.67,Text
1883,0,0,1,0.91,Video
1884,1,0,0,0.57,Audio
1885,1,1,1,0.49,Audio
1886,0,0,0,0.78,Video
1887,0,1,1,0.68,Text
1888,1,1,0,0.52,Audio
1889,1,0,1,0.60,Audio
1890,0,1,1,0.63,Text
1891,0,0,0,0.83,Video
1892,1,1,1,0.44,Audio
1893,1,0,0,0.55,Audio
1894,0,1,0,0.68,Text
1895,0,0,1,0.89,Video
1896,1,1,1,0.43,Audio
1897,1,0,0,0.57,Audio
1898,0,1,1,0.64,Text
1899,0,0,0,0.82,Video
1900,1,1,0,0.54,Audio
1901,1,0,1,0.59,Audio
1902,0,1,1,0.67,Text
1903,0,0,1,0.91,Video
1904,1,0,0,0.57,Audio
1905,1,1,1,0.49,Audio
1906,0,0,0,0.78,Video
1907,0,1,1,0.68,Text
1908,1,1,0,0.52,Audio
1909,1,0,1,0.60,Audio
1910,0,1,1,0.63,Text
1911,0,0,0,0.83,Video
1912,1,1,1,0.44,Audio
1913,1,0,0,0.55,Audio
1914,0,1,0,0.68,Text
1915,0,0,1,0.89,Video
1916,1,1,1,0.43,Audio
1917,1,0,0,0.57,Audio
1918,0,1,1,0.64,Text
1919,0,0,0,0.82,Video
1920,1,1,0,0.54,Audio
1921,1,0,1,0.59,Audio
1922,0,1,1,0.67,Text
1923,0,0,1,0.91,Video
1924,1,0,0,0.57,Audio
1925,1,1,1,0.49,Audio
1926,0,0,0,0.78,Video
1927,0,1,1,0.68,Text
1928,1,1,0,0.52,Audio
1929,1,0,1,0.60,Audio
1930,0,1,1,0.63,Text
1931,0,0,0,0.83,Video
1932,1,1,1,0.44,Audio
1933,1,0,0,0.55,Audio
1934,0,1,0,0.68,Text
1935,0,0,1,0.89,Video
1936,1,1,1,0.43,Audio
1937,1,0,0,0.57,Audio
1938,0,1,1,0.64,Text
1939,0,0,0,0.82,Video
1940,1,1,0,0.54,Audio
1941,1,0,1,0.59,Audio
1942,0,1,1,0.67,Text
1943,0,0,1,0.91,Video
1944,1,0,0,0.57,Audio
1945,1,1,1,0.49,Audio
1946,0,0,0,0.78,Video
1947,0,1,1,0.68,Text
1948,1,1,0,0.52,Audio
1949,1,0,1,0.60,Audio
1950,0,1,1,0.63,Text
1951,0,0,0,0.83,Video
1952,1,1,1,0.44,Audio
1953,1,0,0,0.55,Audio
1954,0,1,0,0.68,Text
1955,0,0,1,0.89,Video
1956,1,1,1,0.43,Audio
1957,1,0,0,0.57,Audio
1958,0,1,1,0.64,Text
1959,0,0,0,0.82,Video
1960,1,1,0,0.54,Audio
1961,1,0,1,0.59,Audio
1962,0,1,1,0.67,Text
1963,0,0,1,0.91,Video
1964,1,0,0,0.57,Audio
1965,1,1,1,0.49,Audio
1966,0,0,0,0.78,Video
1967,0,1,1,0.68,Text
1968,1,1,0,0.52,Audio
1969,1,0,1,0.60,Audio
1970,0,1,1,0.63,Text
1971,0,0,0,0.83,Video
1972,1,1,1,0.44,Audio
1973,1,0,0,0.55,Audio
1974,0,1,0,0.68,Text
1975,0,0,1,0.89,Video
1976,1,1,1,0.43,Audio
1977,1,0,0,0.57,Audio
1978,0,1,1,0.64,Text
1979,0,0,0,0.82,Video
1980,1,1,0,0.54,Audio
1981,1,0,1,0.59,Audio
1982,0,1,1,0.67,Text
1983,0,0,1,0.91,Video
1984,1,0,0,0.57,Audio
1985,1,1,1,0.49,Audio
1986,0,0,0,0.78,Video
1987,0,1,1,0.68,Text
1988,1,1,0,0.52,Audio
1989,1,0,1,0.60,Audio
1990,0,1,1,0.63,Text
1991,0,0,0,0.83,Video
1992,1,1,1,0.44,Audio
1993,1,0,0,0.55,Audio
1994,0,1,0,0.68,Text
1995,0,0,1,0.89,Video
1996,1,1,1,0.43,Audio
1997,1,0,0,0.57,Audio
1998,0,1,1,0.64,Text
1999,0,0,0,0.82,Video
2000,1,1,0,0.54,Audio